source_id,firm,plans,title,official_url,retrieved_at_utc,effective_from,sha256,local_archive_file,archive_status,rule_use_status
LUCID-001,Lucid Trading,LucidFlex 25K,LucidFlex Evaluation Account,https://support.lucidtrading.com/en/articles/12945790-lucidflex-evaluation-account,2026-09-15T09:37:52Z,unknown,84a354fe7cf982eb91a8156d2a4101b308a9b6cc470e543696ffb494b47dadbc,lucidflex-evaluation.html,archived,usable_with_effective_date_blocker
LUCID-002,Lucid Trading,LucidFlex 25K,LucidFlex Funded Account,https://support.lucidtrading.com/en/articles/12945795-lucidflex-funded-account,2026-09-15T09:37:52Z,unknown,78ac3981658bacac88a8d4b98dd58143f6e9b421d5350741692c9df28f2bbf83,lucidflex-funded.html,archived,usable_with_effective_date_blocker
LUCID-003,Lucid Trading,LucidFlex 25K,LucidFlex Drawdown,https://support.lucidtrading.com/en/articles/12945815-lucidflex-drawdown,2026-09-15T09:37:52Z,unknown,c3f7094c2e7f446a8cbfc53c0a253a13093c461571c93e1c2d4e479f67983685,lucidflex-drawdown.html,archived,usable_with_effective_date_blocker
LUCID-004,Lucid Trading,LucidFlex 25K,LucidFlex Payouts,https://support.lucidtrading.com/en/articles/12945796-lucidflex-payouts,2026-09-15T09:37:52Z,unknown,a8a8d8e71cd7880cd3131b99963fc6ce4b7e5f82f3b1ba6f6d2615c75fdf1b32,lucidflex-payouts.html,archived,usable_with_effective_date_blocker
LUCID-005,Lucid Trading,LucidFlex 25K,LucidFlex Customization,https://support.lucidtrading.com/en/articles/16226050-lucidflex-customization,2026-09-15T09:37:52Z,unknown,fbda4da0ca674c757e22a782f55ef492cce9b8e0b56e6477897faf237e72e9ad,lucidflex-customization.html,archived,usable_with_dll_value_blocker
LUCID-006,Lucid Trading,LucidDaily 25K,LucidDaily Evaluation,https://support.lucidtrading.com/en/articles/15996664-luciddaily-evaluation,2026-09-15T09:37:52Z,unknown,0f8aefd6ecadfc58233504ef765e1102be1adabf3840519df7f959c3b4872ac8,luciddaily-evaluation.html,archived,usable_with_effective_date_blocker
LUCID-007,Lucid Trading,LucidDaily 25K,LucidDaily Funded Account,https://support.lucidtrading.com/en/articles/15997244-luciddaily-funded-account,2026-09-15T09:37:52Z,unknown,af8e8ea002bbcfc89c232268bb8f0082fc60e179ce829072e3cbbccfbd0b2078,luciddaily-funded.html,archived,usable_with_effective_date_blocker
LUCID-008,Lucid Trading,LucidDaily 25K,LucidDaily Drawdown,https://support.lucidtrading.com/en/articles/15998425-luciddaily-drawdown,2026-09-15T09:37:52Z,unknown,7a04ea5e8e2dfd09d7c93475cdc902d7bb68de77945e0c5a82d2c2d38b738599,luciddaily-drawdown.html,archived,usable_with_effective_date_blocker
LUCID-009,Lucid Trading,LucidDaily 25K,LucidDaily Daily Loss Limit,https://support.lucidtrading.com/en/articles/16085900-luciddaily-daily-loss-limit,2026-09-15T09:37:52Z,unknown,4fca66a0a87fc0b872ec96fb8bebb0485635704767fcf005f2adec61d8a3e55a,luciddaily-dll.html,archived,usable_with_effective_date_blocker
LUCID-010,Lucid Trading,LucidDaily 25K,LucidDaily Customization,https://support.lucidtrading.com/en/articles/16033858-luciddaily-customization,2026-09-15T09:37:52Z,unknown,0f988d50da21d9fb04bcee6dd14bf888a8a159dcc139f6db19aa683d7dbfd993,luciddaily-customization.html,archived,usable_with_effective_date_blocker
LUCID-011,Lucid Trading,LucidDaily 25K,LucidDaily Payouts,https://support.lucidtrading.com/en/articles/15997266-luciddaily-payouts,2026-09-15T09:37:52Z,unknown,06bcd8d6b80ac516b358724ad960f7254a8714742379fb9c05418dc5b43f849a,luciddaily-payouts.html,archived,usable_with_effective_date_blocker
LUCID-012,Lucid Trading,LucidFlex and LucidDaily,Other Trading Activities,https://support.lucidtrading.com/en/articles/11404728-other-trading-activities,2026-09-15T09:37:52Z,unknown,053d62a50da675726e0a07bcba97510fdf42c99fca4e1e8fda9894f742d1dc81,lucid-other-trading-activities.html,archived,usable_with_agreement_conflict_blocker
LUCID-013,Lucid Trading,All,Terms of Use,https://www.lucidtrading.com/terms-of-use/,2026-09-15T09:37:52Z,unknown,,,unavailable_http_403,deployment_blocking
LUCID-014,Lucid Trading,LucidPro only,LucidPro Trader Agreement,https://lucidtrading.com/wp-content/uploads/2025/04/LucidPro-Trader-Agreement.pdf,2026-09-15T09:37:52Z,2025-04-01,,,unavailable_http_403,context_only_not_selected_plan
TRADEIFY-001,Tradeify,Select 25K,Select Evaluation Accounts,https://help.tradeify.co/en/articles/12853921-select-evaluation-accounts,2026-09-15T09:37:52Z,unknown,,,unavailable_http_403,deployment_blocking
TRADEIFY-002,Tradeify,Select Flex and Select Daily 25K,Select Flex and Select Daily Payout Policies,https://help.tradeify.co/en/articles/12853966-select-flex-and-select-daily-payout-policies,2026-09-15T09:37:52Z,2026-09-01,,,unavailable_http_403,deployment_blocking
TRADEIFY-003,Tradeify,Growth 25K,Growth Evaluation Accounts,https://help.tradeify.co/en/articles/10495915-growth-evaluation-accounts,2026-09-15T09:37:52Z,unknown,,,unavailable_http_403,deployment_blocking
TRADEIFY-004,Tradeify,Growth 25K,Growth Funded Account Payout Policy,https://help.tradeify.co/en/articles/11083796-growth-funded-account-payout-policy,2026-09-15T09:37:52Z,unknown,,,unavailable_http_403,deployment_blocking
TRADEIFY-005,Tradeify,Select and Growth 25K,Rules Trailing Max Drawdowns,https://help.tradeify.co/en/articles/10495897-rules-trailing-max-drawdowns,2026-09-15T09:37:52Z,unknown,,,unavailable_http_403,deployment_blocking
TRADEIFY-006,Tradeify,Select Daily and Growth 25K,Rules Daily Loss Limit,https://help.tradeify.co/en/articles/10468321-rules-daily-loss-limit,2026-09-15T09:37:52Z,2025-09-12,,,unavailable_http_403,deployment_blocking
TRADEIFY-007,Tradeify,Select and Growth 25K,Tradeify Pricing Reference,https://help.tradeify.co/en/articles/14369021-tradeify-pricing-reference,2026-09-15T09:37:52Z,unknown,,,unavailable_http_403,deployment_blocking
TRADEIFY-008,Tradeify,All,Guidelines for Traders,https://help.tradeify.co/en/articles/10468318-guidelines-for-traders,2026-09-15T09:37:52Z,2026-08-12,,,unavailable_http_403,deployment_blocking
TRADEIFY-009,Tradeify,All,Funded Trader Agreement,https://tradeify.co/funded-trader-agreement,2026-09-15T09:37:52Z,unknown,6aeecf41e18314b9fdb4e11a4e0782f71bce8250dd9a35bb33148a54e5dfbb90,tradeify-funded-agreement.html,archived,usable_with_effective_date_blocker
TRADEIFY-010,Tradeify,All,Welcome to Tradeify,https://help.tradeify.co/en/articles/10468258-welcome-to-tradeify,2026-09-15T09:37:52Z,unknown,,,unavailable_http_403,deployment_blocking
